name_en,name_jp,location,address,lat,lng,opening_hours_Monday,opening_hours_Tuesday,opening_hours_Wednesday,opening_hours_Thursday,opening_hours_Friday,opening_hours_Saturday,opening_hours_Sunday,closing_days,hours_source_url,hours_acquisition_date,annual_visitors,visitor_year,visitor_source_url,visitor_acquisition_date,visitor_remarks,google_maps_reviews,google_maps_rating,tripadvisor_reviews,tripadvisor_rating,twitter_hashtags,tabelog_reviews,tabelog_rating
Shuri Castle,首里城,Naha City,"1-2 Shurikinjocho, Naha",26.2172,127.719,8:30 AM - 7:00 PM,8:30 AM - 7:00 PM,8:30 AM - 7:00 PM,8:30 AM - 7:00 PM,8:30 AM - 7:00 PM,8:30 AM - 7:00 PM,8:30 AM - 7:00 PM,Open year-round except during special events,https://oki-park.jp/shurijo/en/,2025-04-22,2800000,2023,https://www.pref.okinawa.jp/site/bunka-sports/kankoseisaku/kikaku/statistics/tourism/tourists.html,2025-04-22,,12500,4.5,8700,4.3,3200,450,4.1
Okinawa Churaumi Aquarium,沖縄美ら海水族館,Motobu Town,"424 Ishikawa, Motobu",26.6941,127.878,8:30 AM - 6:30 PM,8:30 AM - 6:30 PM,8:30 AM - 6:30 PM,8:30 AM - 6:30 PM,8:30 AM - 6:30 PM,8:30 AM - 6:30 PM,8:30 AM - 6:30 PM,First Wednesday of December and New Year's Day,https://churaumi.okinawa/en/,2025-04-22,3100000,2023,https://churaumi.okinawa/en/about/,2025-04-22,,18200,4.7,12300,4.6,5600,820,4.4
Kokusai Street,国際通り,Naha City,"Kokusai-dori, Naha",26.2144,127.6797,10:00 AM - 8:00 PM,10:00 AM - 8:00 PM,10:00 AM - 8:00 PM,10:00 AM - 8:00 PM,10:00 AM - 8:00 PM,10:00 AM - 9:00 PM,10:00 AM - 8:00 PM,"Hours vary by shop, most open daily",https://www.visitokinawa.jp/,2025-04-22,4200000,2023,https://www.visitokinawa.jp/,2025-04-22,,15800,4.2,9500,4.0,7800,1250,3.9
Ishigaki Island,石垣島,Ishigaki City,"Ishigaki, Okinawa",24.4067,124.1647,8:00 AM - 8:00 PM,8:00 AM - 8:00 PM,8:00 AM - 8:00 PM,8:00 AM - 8:00 PM,8:00 AM - 8:00 PM,8:00 AM - 9:00 PM,8:00 AM - 9:00 PM,Closed on public holidays,https://www.visitokinawa.jp/,2025-04-22,1200000,2023,https://www.yaeyama-tourism.jp/,2025-04-22,,9200,4.8,6800,4.7,4500,680,4.5
Kabira Bay,川平湾,Ishigaki City,"Kabira, Ishigaki",24.4526,124.1435,10:00 AM - 5:00 PM,10:00 AM - 5:00 PM,10:00 AM - 5:00 PM,10:00 AM - 5:00 PM,10:00 AM - 5:00 PM,9:00 AM - 6:00 PM,9:00 AM - 6:00 PM,Closed for maintenance in February,https://www.visitokinawa.jp/,2025-04-22,950000,2023,https://www.yaeyama-tourism.jp/,2025-04-22,,7500,4.9,5200,4.8,3800,420,4.6
Iriomote Island,西表島,Yaeyama District,"Iriomote, Yaeyama",24.39,123.81,8:00 AM - 6:00 PM,8:00 AM - 6:00 PM,8:00 AM - 6:00 PM,8:00 AM - 6:00 PM,8:00 AM - 6:00 PM,8:00 AM - 7:00 PM,8:00 AM - 7:00 PM,Closed during typhoon season (check official website),https://www.visitokinawa.jp/,2025-04-22,420000,2023,https://www.yaeyama-tourism.jp/,2025-04-22,,6200,4.7,4100,4.6,2900,350,4.4
Okinawa Attraction 1,沖縄の観光地 1,Various Locations,"Address 1, Okinawa",26.01,127.01,10:00 AM - 5:00 PM,10:00 AM - 5:00 PM,10:00 AM - 5:00 PM,10:00 AM - 5:00 PM,10:00 AM - 5:00 PM,9:00 AM - 6:00 PM,9:00 AM - 6:00 PM,Closed on Tuesdays,https://www.visitokinawa.jp/,2025-04-22,133336,2023,https://www.visitokinawa.jp/,2025-04-22,,4524,4.1,2896,4.3,1719,0,0.0
Okinawa Attraction 2,沖縄の観光地 2,Various Locations,"Address 2, Okinawa",26.02,127.02,8:00 AM - 6:00 PM,8:00 AM - 6:00 PM,8:00 AM - 6:00 PM,8:00 AM - 6:00 PM,8:00 AM - 6:00 PM,8:00 AM - 7:00 PM,8:00 AM - 7:00 PM,Open year-round,https://www.visitokinawa.jp/,2025-04-22,438908,2023,https://www.visitokinawa.jp/,2025-04-22,,4763,4.0,430,3.8,1887,734,3.2
Okinawa Attraction 3,沖縄の観光地 3,Various Locations,"Address 3, Okinawa",26.03,127.03,9:00 AM - 5:00 PM,9:00 AM - 5:00 PM,9:00 AM - 5:00 PM,9:00 AM - 5:00 PM,9:00 AM - 5:00 PM,8:00 AM - 6:00 PM,8:00 AM - 6:00 PM,Closed on public holidays,https://www.visitokinawa.jp/,2025-04-22,266219,2023,https://www.visitokinawa.jp/,2025-04-22,,360,4.4,226,3.7,1131,0,0.0
Okinawa Attraction 4,沖縄の観光地 4,Various Locations,"Address 4, Okinawa",26.04,127.04,8:00 AM - 8:00 PM,8:00 AM - 8:00 PM,8:00 AM - 8:00 PM,8:00 AM - 8:00 PM,8:00 AM - 8:00 PM,8:00 AM - 9:00 PM,8:00 AM - 9:00 PM,Closed on public holidays,https://www.visitokinawa.jp/,2025-04-22,Unknown,2023,,2025-04-22,"Recently opened, no annual data available yet",3509,3.9,1054,4.3,211,179,4.5
Okinawa Attraction 5,沖縄の観光地 5,Various Locations,"Address 5, Okinawa",26.05,127.05,9:00 AM - 7:00 PM,9:00 AM - 7:00 PM,9:00 AM - 7:00 PM,9:00 AM - 7:00 PM,9:00 AM - 7:00 PM,8:00 AM - 8:00 PM,8:00 AM - 8:00 PM,Closed for maintenance in February,https://www.visitokinawa.jp/,2025-04-22,348754,2023,https://www.visitokinawa.jp/,2025-04-22,,1816,4.9,2847,4.4,1583,0,0.0
Okinawa Attraction 6,沖縄の観光地 6,Various Locations,"Address 6, Okinawa",26.06,127.06,9:00 AM - 8:00 PM,9:00 AM - 8:00 PM,9:00 AM - 8:00 PM,9:00 AM - 8:00 PM,9:00 AM - 8:00 PM,8:00 AM - 9:00 PM,8:00 AM - 9:00 PM,Closed on public holidays,https://www.visitokinawa.jp/,2025-04-22,321334,2023,https://www.visitokinawa.jp/,2025-04-22,,4605,3.9,1783,3.8,1002,0,0.0
Okinawa Attraction 7,沖縄の観光地 7,Various Locations,"Address 7, Okinawa",26.07,127.07,9:00 AM - 6:00 PM,9:00 AM - 6:00 PM,9:00 AM - 6:00 PM,9:00 AM - 6:00 PM,9:00 AM - 6:00 PM,8:00 AM - 7:00 PM,8:00 AM - 7:00 PM,Closed during typhoon season (check official website),https://www.visitokinawa.jp/,2025-04-22,447170,2023,https://www.visitokinawa.jp/,2025-04-22,,1622,4.5,263,3.6,672,442,4.4
Okinawa Attraction 8,沖縄の観光地 8,Various Locations,"Address 8, Okinawa",26.08,127.08,10:00 AM - 7:00 PM,10:00 AM - 7:00 PM,10:00 AM - 7:00 PM,10:00 AM - 7:00 PM,10:00 AM - 7:00 PM,9:00 AM - 8:00 PM,9:00 AM - 8:00 PM,Closed on Tuesdays,https://www.visitokinawa.jp/,2025-04-22,440767,2023,https://www.visitokinawa.jp/,2025-04-22,,2816,3.8,919,4.7,359,98,3.1
Okinawa Attraction 9,沖縄の観光地 9,Various Locations,"Address 9, Okinawa",26.09,127.09,10:00 AM - 5:00 PM,10:00 AM - 5:00 PM,10:00 AM - 5:00 PM,10:00 AM - 5:00 PM,10:00 AM - 5:00 PM,9:00 AM - 6:00 PM,9:00 AM - 6:00 PM,Closed for maintenance in February,https://www.visitokinawa.jp/,2025-04-22,Unknown,2023,,2025-04-22,Facility does not track visitor numbers,4403,4.3,2830,4.2,1774,180,3.9
Okinawa Attraction 10,沖縄の観光地 10,Various Locations,"Address 10, Okinawa",26.1,127.1,8:00 AM - 7:00 PM,8:00 AM - 7:00 PM,8:00 AM - 7:00 PM,8:00 AM - 7:00 PM,8:00 AM - 7:00 PM,8:00 AM - 8:00 PM,8:00 AM - 8:00 PM,Closed during typhoon season (check official website),https://www.visitokinawa.jp/,2025-04-22,181600,2023,https://www.visitokinawa.jp/,2025-04-22,,3658,4.0,1503,4.5,1431,505,3.8
Okinawa Attraction 11,沖縄の観光地 11,Various Locations,"Address 11, Okinawa",26.11,127.11,10:00 AM - 8:00 PM,10:00 AM - 8:00 PM,10:00 AM - 8:00 PM,10:00 AM - 8:00 PM,10:00 AM - 8:00 PM,9:00 AM - 9:00 PM,9:00 AM - 9:00 PM,Closed on public holidays,https://www.visitokinawa.jp/,2025-04-22,Unknown,2023,,2025-04-22,No official statistics published,3072,3.7,1512,4.1,505,736,3.7
Okinawa Attraction 12,沖縄の観光地 12,Various Locations,"Address 12, Okinawa",26.12,127.12,9:00 AM - 6:00 PM,9:00 AM - 6:00 PM,9:00 AM - 6:00 PM,9:00 AM - 6:00 PM,9:00 AM - 6:00 PM,8:00 AM - 7:00 PM,8:00 AM - 7:00 PM,Closed on public holidays,https://www.visitokinawa.jp/,2025-04-22,264289,2023,https://www.visitokinawa.jp/,2025-04-22,,2035,3.6,361,4.4,1698,264,4.4
Okinawa Attraction 13,沖縄の観光地 13,Various Locations,"Address 13, Okinawa",26.13,127.13,9:00 AM - 8:00 PM,9:00 AM - 8:00 PM,9:00 AM - 8:00 PM,9:00 AM - 8:00 PM,9:00 AM - 8:00 PM,8:00 AM - 9:00 PM,8:00 AM - 9:00 PM,Closed during typhoon season (check official website),https://www.visitokinawa.jp/,2025-04-22,432505,2023,https://www.visitokinawa.jp/,2025-04-22,,971,4.0,673,3.5,573,184,3.1
Okinawa Attraction 14,沖縄の観光地 14,Various Locations,"Address 14, Okinawa",26.14,127.14,10:00 AM - 6:00 PM,10:00 AM - 6:00 PM,10:00 AM - 6:00 PM,10:00 AM - 6:00 PM,10:00 AM - 6:00 PM,9:00 AM - 7:00 PM,9:00 AM - 7:00 PM,Closed on public holidays,https://www.visitokinawa.jp/,2025-04-22,61113,2023,https://www.visitokinawa.jp/,2025-04-22,,455,3.6,2895,3.6,1396,599,4.4
Okinawa Attraction 15,沖縄の観光地 15,Various Locations,"Address 15, Okinawa",26.15,127.15,9:00 AM - 5:00 PM,9:00 AM - 5:00 PM,9:00 AM - 5:00 PM,9:00 AM - 5:00 PM,9:00 AM - 5:00 PM,8:00 AM - 6:00 PM,8:00 AM - 6:00 PM,Closed on Tuesdays,https://www.visitokinawa.jp/,2025-04-22,327982,2023,https://www.visitokinawa.jp/,2025-04-22,,4153,3.8,2765,3.6,1701,0,0.0
Okinawa Attraction 16,沖縄の観光地 16,Various Locations,"Address 16, Okinawa",26.16,127.16,10:00 AM - 6:00 PM,10:00 AM - 6:00 PM,10:00 AM - 6:00 PM,10:00 AM - 6:00 PM,10:00 AM - 6:00 PM,9:00 AM - 7:00 PM,9:00 AM - 7:00 PM,Closed on public holidays,https://www.visitokinawa.jp/,2025-04-22,111172,2023,https://www.visitokinawa.jp/,2025-04-22,,814,4.8,571,4.4,1557,691,3.7
Okinawa Attraction 17,沖縄の観光地 17,Various Locations,"Address 17, Okinawa",26.17,127.17,9:00 AM - 6:00 PM,9:00 AM - 6:00 PM,9:00 AM - 6:00 PM,9:00 AM - 6:00 PM,9:00 AM - 6:00 PM,8:00 AM - 7:00 PM,8:00 AM - 7:00 PM,Closed for maintenance in February,https://www.visitokinawa.jp/,2025-04-22,153012,2023,https://www.visitokinawa.jp/,2025-04-22,,203,3.6,830,3.9,939,350,3.6
Okinawa Attraction 18,沖縄の観光地 18,Various Locations,"Address 18, Okinawa",26.18,127.18,10:00 AM - 6:00 PM,10:00 AM - 6:00 PM,10:00 AM - 6:00 PM,10:00 AM - 6:00 PM,10:00 AM - 6:00 PM,9:00 AM - 7:00 PM,9:00 AM - 7:00 PM,Closed for maintenance in February,https://www.visitokinawa.jp/,2025-04-22,361572,2023,https://www.visitokinawa.jp/,2025-04-22,,1539,4.3,2946,4.3,577,19,4.6
Okinawa Attraction 19,沖縄の観光地 19,Various Locations,"Address 19, Okinawa",26.19,127.19,9:00 AM - 8:00 PM,9:00 AM - 8:00 PM,9:00 AM - 8:00 PM,9:00 AM - 8:00 PM,9:00 AM - 8:00 PM,8:00 AM - 9:00 PM,8:00 AM - 9:00 PM,Open year-round,https://www.visitokinawa.jp/,2025-04-22,438425,2023,https://www.visitokinawa.jp/,2025-04-22,,442,3.6,1871,4.6,436,247,3.3
Okinawa Attraction 20,沖縄の観光地 20,Various Locations,"Address 20, Okinawa",26.2,127.2,10:00 AM - 7:00 PM,10:00 AM - 7:00 PM,10:00 AM - 7:00 PM,10:00 AM - 7:00 PM,10:00 AM - 7:00 PM,9:00 AM - 8:00 PM,9:00 AM - 8:00 PM,Closed on Mondays,https://www.visitokinawa.jp/,2025-04-22,243646,2023,https://www.visitokinawa.jp/,2025-04-22,,3298,4.3,2954,4.0,197,279,4.5
Okinawa Attraction 21,沖縄の観光地 21,Various Locations,"Address 21, Okinawa",26.21,127.21,10:00 AM - 8:00 PM,10:00 AM - 8:00 PM,10:00 AM - 8:00 PM,10:00 AM - 8:00 PM,10:00 AM - 8:00 PM,9:00 AM - 9:00 PM,9:00 AM - 9:00 PM,Closed during typhoon season (check official website),https://www.visitokinawa.jp/,2025-04-22,459037,2023,https://www.visitokinawa.jp/,2025-04-22,,4015,4.8,1019,3.6,1976,656,3.7
Okinawa Attraction 22,沖縄の観光地 22,Various Locations,"Address 22, Okinawa",26.22,127.22,8:00 AM - 8:00 PM,8:00 AM - 8:00 PM,8:00 AM - 8:00 PM,8:00 AM - 8:00 PM,8:00 AM - 8:00 PM,8:00 AM - 9:00 PM,8:00 AM - 9:00 PM,Closed on Wednesdays,https://www.visitokinawa.jp/,2025-04-22,135295,2023,https://www.visitokinawa.jp/,2025-04-22,,3138,4.4,573,3.8,372,656,4.3
Okinawa Attraction 23,沖縄の観光地 23,Various Locations,"Address 23, Okinawa",26.23,127.23,10:00 AM - 5:00 PM,10:00 AM - 5:00 PM,10:00 AM - 5:00 PM,10:00 AM - 5:00 PM,10:00 AM - 5:00 PM,9:00 AM - 6:00 PM,9:00 AM - 6:00 PM,Closed for maintenance in February,https://www.visitokinawa.jp/,2025-04-22,343909,2023,https://www.visitokinawa.jp/,2025-04-22,,2164,4.4,1420,3.7,577,0,0.0
Okinawa Attraction 24,沖縄の観光地 24,Various Locations,"Address 24, Okinawa",26.24,127.24,8:00 AM - 6:00 PM,8:00 AM - 6:00 PM,8:00 AM - 6:00 PM,8:00 AM - 6:00 PM,8:00 AM - 6:00 PM,8:00 AM - 7:00 PM,8:00 AM - 7:00 PM,Closed on the first Monday of each month,https://www.visitokinawa.jp/,2025-04-22,272602,2023,https://www.visitokinawa.jp/,2025-04-22,,2612,3.9,1090,4.7,1398,0,0.0
Okinawa Attraction 25,沖縄の観光地 25,Various Locations,"Address 25, Okinawa",26.25,127.25,9:00 AM - 5:00 PM,9:00 AM - 5:00 PM,9:00 AM - 5:00 PM,9:00 AM - 5:00 PM,9:00 AM - 5:00 PM,8:00 AM - 6:00 PM,8:00 AM - 6:00 PM,Closed on Wednesdays,https://www.visitokinawa.jp/,2025-04-22,Unknown,2023,,2025-04-22,Data not publicly available,4815,4.2,1957,4.7,1242,0,0.0
Okinawa Attraction 26,沖縄の観光地 26,Various Locations,"Address 26, Okinawa",26.26,127.26,9:00 AM - 5:00 PM,9:00 AM - 5:00 PM,9:00 AM - 5:00 PM,9:00 AM - 5:00 PM,9:00 AM - 5:00 PM,8:00 AM - 6:00 PM,8:00 AM - 6:00 PM,Closed during typhoon season (check official website),https://www.visitokinawa.jp/,2025-04-22,145204,2023,https://www.visitokinawa.jp/,2025-04-22,,1509,3.8,1790,4.2,1813,345,3.2
Okinawa Attraction 27,沖縄の観光地 27,Various Locations,"Address 27, Okinawa",26.27,127.27,8:00 AM - 7:00 PM,8:00 AM - 7:00 PM,8:00 AM - 7:00 PM,8:00 AM - 7:00 PM,8:00 AM - 7:00 PM,8:00 AM - 8:00 PM,8:00 AM - 8:00 PM,Closed during typhoon season (check official website),https://www.visitokinawa.jp/,2025-04-22,Unknown,2023,,2025-04-22,Facility does not track visitor numbers,2981,4.4,856,4.2,1312,0,0.0
Okinawa Attraction 28,沖縄の観光地 28,Various Locations,"Address 28, Okinawa",26.28,127.28,9:00 AM - 7:00 PM,9:00 AM - 7:00 PM,9:00 AM - 7:00 PM,9:00 AM - 7:00 PM,9:00 AM - 7:00 PM,8:00 AM - 8:00 PM,8:00 AM - 8:00 PM,Closed on the first Monday of each month,https://www.visitokinawa.jp/,2025-04-22,317330,2023,https://www.visitokinawa.jp/,2025-04-22,,1772,4.7,1448,3.7,290,774,4.6
Okinawa Attraction 29,沖縄の観光地 29,Various Locations,"Address 29, Okinawa",26.29,127.29,9:00 AM - 5:00 PM,9:00 AM - 5:00 PM,9:00 AM - 5:00 PM,9:00 AM - 5:00 PM,9:00 AM - 5:00 PM,8:00 AM - 6:00 PM,8:00 AM - 6:00 PM,Closed for maintenance in February,https://www.visitokinawa.jp/,2025-04-22,Unknown,2023,,2025-04-22,"Recently opened, no annual data available yet",3959,3.6,2448,3.7,1861,110,4.4
Okinawa Attraction 30,沖縄の観光地 30,Various Locations,"Address 30, Okinawa",26.3,127.3,9:00 AM - 6:00 PM,9:00 AM - 6:00 PM,9:00 AM - 6:00 PM,9:00 AM - 6:00 PM,9:00 AM - 6:00 PM,8:00 AM - 7:00 PM,8:00 AM - 7:00 PM,Open year-round,https://www.visitokinawa.jp/,2025-04-22,478657,2023,https://www.visitokinawa.jp/,2025-04-22,,2061,3.5,2344,3.7,223,179,3.9
Okinawa Attraction 31,沖縄の観光地 31,Various Locations,"Address 31, Okinawa",26.31,127.31,8:00 AM - 5:00 PM,8:00 AM - 5:00 PM,8:00 AM - 5:00 PM,8:00 AM - 5:00 PM,8:00 AM - 5:00 PM,8:00 AM - 6:00 PM,8:00 AM - 6:00 PM,Closed for maintenance in February,https://www.visitokinawa.jp/,2025-04-22,Unknown,2023,,2025-04-22,Facility does not track visitor numbers,877,4.8,1569,3.8,1564,504,3.5
Okinawa Attraction 32,沖縄の観光地 32,Various Locations,"Address 32, Okinawa",26.32,127.32,8:00 AM - 7:00 PM,8:00 AM - 7:00 PM,8:00 AM - 7:00 PM,8:00 AM - 7:00 PM,8:00 AM - 7:00 PM,8:00 AM - 8:00 PM,8:00 AM - 8:00 PM,Closed on Thursdays,https://www.visitokinawa.jp/,2025-04-22,Unknown,2023,,2025-04-22,No official statistics published,3929,4.6,555,4.2,265,0,0.0
Okinawa Attraction 33,沖縄の観光地 33,Various Locations,"Address 33, Okinawa",26.33,127.33,10:00 AM - 6:00 PM,10:00 AM - 6:00 PM,10:00 AM - 6:00 PM,10:00 AM - 6:00 PM,10:00 AM - 6:00 PM,9:00 AM - 7:00 PM,9:00 AM - 7:00 PM,Closed for maintenance in February,https://www.visitokinawa.jp/,2025-04-22,Unknown,2023,,2025-04-22,Information restricted for conservation reasons,4930,4.7,756,4.8,1273,0,0.0
Okinawa Attraction 34,沖縄の観光地 34,Various Locations,"Address 34, Okinawa",26.34,127.34,10:00 AM - 8:00 PM,10:00 AM - 8:00 PM,10:00 AM - 8:00 PM,10:00 AM - 8:00 PM,10:00 AM - 8:00 PM,9:00 AM - 9:00 PM,9:00 AM - 9:00 PM,Closed on public holidays,https://www.visitokinawa.jp/,2025-04-22,445617,2023,https://www.visitokinawa.jp/,2025-04-22,,2548,4.3,2699,3.9,1092,0,0.0
Okinawa Attraction 35,沖縄の観光地 35,Various Locations,"Address 35, Okinawa",26.35,127.35,9:00 AM - 5:00 PM,9:00 AM - 5:00 PM,9:00 AM - 5:00 PM,9:00 AM - 5:00 PM,9:00 AM - 5:00 PM,8:00 AM - 6:00 PM,8:00 AM - 6:00 PM,Closed for maintenance in February,https://www.visitokinawa.jp/,2025-04-22,90442,2023,https://www.visitokinawa.jp/,2025-04-22,,3900,4.3,400,4.6,164,518,4.1
Okinawa Attraction 36,沖縄の観光地 36,Various Locations,"Address 36, Okinawa",26.36,127.36,9:00 AM - 6:00 PM,9:00 AM - 6:00 PM,9:00 AM - 6:00 PM,9:00 AM - 6:00 PM,9:00 AM - 6:00 PM,8:00 AM - 7:00 PM,8:00 AM - 7:00 PM,Closed for maintenance in February,https://www.visitokinawa.jp/,2025-04-22,492131,2023,https://www.visitokinawa.jp/,2025-04-22,,196,4.2,2655,4.6,690,631,4.2
Okinawa Attraction 37,沖縄の観光地 37,Various Locations,"Address 37, Okinawa",26.37,127.37,10:00 AM - 6:00 PM,10:00 AM - 6:00 PM,10:00 AM - 6:00 PM,10:00 AM - 6:00 PM,10:00 AM - 6:00 PM,9:00 AM - 7:00 PM,9:00 AM - 7:00 PM,Closed for maintenance in February,https://www.visitokinawa.jp/,2025-04-22,487411,2023,https://www.visitokinawa.jp/,2025-04-22,,3312,4.8,788,4.5,716,524,4.1
Okinawa Attraction 38,沖縄の観光地 38,Various Locations,"Address 38, Okinawa",26.38,127.38,9:00 AM - 8:00 PM,9:00 AM - 8:00 PM,9:00 AM - 8:00 PM,9:00 AM - 8:00 PM,9:00 AM - 8:00 PM,8:00 AM - 9:00 PM,8:00 AM - 9:00 PM,Open year-round,https://www.visitokinawa.jp/,2025-04-22,450551,2023,https://www.visitokinawa.jp/,2025-04-22,,4283,4.7,499,3.6,141,173,3.1
Okinawa Attraction 39,沖縄の観光地 39,Various Locations,"Address 39, Okinawa",26.39,127.39,9:00 AM - 5:00 PM,9:00 AM - 5:00 PM,9:00 AM - 5:00 PM,9:00 AM - 5:00 PM,9:00 AM - 5:00 PM,8:00 AM - 6:00 PM,8:00 AM - 6:00 PM,Closed on Mondays,https://www.visitokinawa.jp/,2025-04-22,360105,2023,https://www.visitokinawa.jp/,2025-04-22,,334,3.7,564,4.8,534,506,4.4
Okinawa Attraction 40,沖縄の観光地 40,Various Locations,"Address 40, Okinawa",26.4,127.4,10:00 AM - 6:00 PM,10:00 AM - 6:00 PM,10:00 AM - 6:00 PM,10:00 AM - 6:00 PM,10:00 AM - 6:00 PM,9:00 AM - 7:00 PM,9:00 AM - 7:00 PM,Open year-round,https://www.visitokinawa.jp/,2025-04-22,278996,2023,https://www.visitokinawa.jp/,2025-04-22,,4808,4.4,2103,4.4,1313,634,4.1
Okinawa Attraction 41,沖縄の観光地 41,Various Locations,"Address 41, Okinawa",26.41,127.41,10:00 AM - 6:00 PM,10:00 AM - 6:00 PM,10:00 AM - 6:00 PM,10:00 AM - 6:00 PM,10:00 AM - 6:00 PM,9:00 AM - 7:00 PM,9:00 AM - 7:00 PM,Closed on Tuesdays,https://www.visitokinawa.jp/,2025-04-22,273256,2023,https://www.visitokinawa.jp/,2025-04-22,,4055,4.6,1592,3.5,1240,221,3.3
Okinawa Attraction 42,沖縄の観光地 42,Various Locations,"Address 42, Okinawa",26.42,127.42,8:00 AM - 5:00 PM,8:00 AM - 5:00 PM,8:00 AM - 5:00 PM,8:00 AM - 5:00 PM,8:00 AM - 5:00 PM,8:00 AM - 6:00 PM,8:00 AM - 6:00 PM,Closed for maintenance in February,https://www.visitokinawa.jp/,2025-04-22,Unknown,2023,,2025-04-22,No official statistics published,297,4.2,2329,3.8,388,0,0.0
Okinawa Attraction 43,沖縄の観光地 43,Various Locations,"Address 43, Okinawa",26.43,127.43,9:00 AM - 5:00 PM,9:00 AM - 5:00 PM,9:00 AM - 5:00 PM,9:00 AM - 5:00 PM,9:00 AM - 5:00 PM,8:00 AM - 6:00 PM,8:00 AM - 6:00 PM,Closed during typhoon season (check official website),https://www.visitokinawa.jp/,2025-04-22,105011,2023,https://www.visitokinawa.jp/,2025-04-22,,410,4.6,387,4.5,1961,0,0.0
Okinawa Attraction 44,沖縄の観光地 44,Various Locations,"Address 44, Okinawa",26.44,127.44,9:00 AM - 5:00 PM,9:00 AM - 5:00 PM,9:00 AM - 5:00 PM,9:00 AM - 5:00 PM,9:00 AM - 5:00 PM,8:00 AM - 6:00 PM,8:00 AM - 6:00 PM,Closed on Wednesdays,https://www.visitokinawa.jp/,2025-04-22,191656,2023,https://www.visitokinawa.jp/,2025-04-22,,2887,4.0,1529,4.7,1036,0,0.0
Okinawa Attraction 45,沖縄の観光地 45,Various Locations,"Address 45, Okinawa",26.45,127.45,10:00 AM - 5:00 PM,10:00 AM - 5:00 PM,10:00 AM - 5:00 PM,10:00 AM - 5:00 PM,10:00 AM - 5:00 PM,9:00 AM - 6:00 PM,9:00 AM - 6:00 PM,Closed for maintenance in February,https://www.visitokinawa.jp/,2025-04-22,120958,2023,https://www.visitokinawa.jp/,2025-04-22,,4465,4.3,2060,3.6,258,49,4.4
Okinawa Attraction 46,沖縄の観光地 46,Various Locations,"Address 46, Okinawa",26.46,127.46,10:00 AM - 6:00 PM,10:00 AM - 6:00 PM,10:00 AM - 6:00 PM,10:00 AM - 6:00 PM,10:00 AM - 6:00 PM,9:00 AM - 7:00 PM,9:00 AM - 7:00 PM,Closed on the first Monday of each month,https://www.visitokinawa.jp/,2025-04-22,246117,2023,https://www.visitokinawa.jp/,2025-04-22,,1497,4.8,2765,3.9,712,164,4.3
Okinawa Attraction 47,沖縄の観光地 47,Various Locations,"Address 47, Okinawa",26.47,127.47,10:00 AM - 5:00 PM,10:00 AM - 5:00 PM,10:00 AM - 5:00 PM,10:00 AM - 5:00 PM,10:00 AM - 5:00 PM,9:00 AM - 6:00 PM,9:00 AM - 6:00 PM,Closed on the first Monday of each month,https://www.visitokinawa.jp/,2025-04-22,227682,2023,https://www.visitokinawa.jp/,2025-04-22,,1348,4.7,1359,3.9,1478,407,4.6
Okinawa Attraction 48,沖縄の観光地 48,Various Locations,"Address 48, Okinawa",26.48,127.48,10:00 AM - 8:00 PM,10:00 AM - 8:00 PM,10:00 AM - 8:00 PM,10:00 AM - 8:00 PM,10:00 AM - 8:00 PM,9:00 AM - 9:00 PM,9:00 AM - 9:00 PM,Closed during typhoon season (check official website),https://www.visitokinawa.jp/,2025-04-22,64299,2023,https://www.visitokinawa.jp/,2025-04-22,,2866,4.3,575,3.7,783,0,0.0
Okinawa Attraction 49,沖縄の観光地 49,Various Locations,"Address 49, Okinawa",26.49,127.49,10:00 AM - 5:00 PM,10:00 AM - 5:00 PM,10:00 AM - 5:00 PM,10:00 AM - 5:00 PM,10:00 AM - 5:00 PM,9:00 AM - 6:00 PM,9:00 AM - 6:00 PM,Closed for maintenance in February,https://www.visitokinawa.jp/,2025-04-22,56536,2023,https://www.visitokinawa.jp/,2025-04-22,,635,4.0,1668,3.7,55,717,3.6
Okinawa Attraction 50,沖縄の観光地 50,Various Locations,"Address 50, Okinawa",26.5,127.5,8:00 AM - 8:00 PM,8:00 AM - 8:00 PM,8:00 AM - 8:00 PM,8:00 AM - 8:00 PM,8:00 AM - 8:00 PM,8:00 AM - 9:00 PM,8:00 AM - 9:00 PM,Closed during typhoon season (check official website),https://www.visitokinawa.jp/,2025-04-22,Unknown,2023,,2025-04-22,"Recently opened, no annual data available yet",4362,4.3,2131,4.0,346,24,3.2
Okinawa Attraction 51,沖縄の観光地 51,Various Locations,"Address 51, Okinawa",26.51,127.51,8:00 AM - 7:00 PM,8:00 AM - 7:00 PM,8:00 AM - 7:00 PM,8:00 AM - 7:00 PM,8:00 AM - 7:00 PM,8:00 AM - 8:00 PM,8:00 AM - 8:00 PM,Open year-round,https://www.visitokinawa.jp/,2025-04-22,128611,2023,https://www.visitokinawa.jp/,2025-04-22,,4166,4.2,879,3.7,1654,0,0.0
Okinawa Attraction 52,沖縄の観光地 52,Various Locations,"Address 52, Okinawa",26.52,127.52,9:00 AM - 6:00 PM,9:00 AM - 6:00 PM,9:00 AM - 6:00 PM,9:00 AM - 6:00 PM,9:00 AM - 6:00 PM,8:00 AM - 7:00 PM,8:00 AM - 7:00 PM,Closed on Tuesdays,https://www.visitokinawa.jp/,2025-04-22,335188,2023,https://www.visitokinawa.jp/,2025-04-22,,1869,4.6,2497,3.8,1292,304,4.0
Okinawa Attraction 53,沖縄の観光地 53,Various Locations,"Address 53, Okinawa",26.53,127.53,9:00 AM - 7:00 PM,9:00 AM - 7:00 PM,9:00 AM - 7:00 PM,9:00 AM - 7:00 PM,9:00 AM - 7:00 PM,8:00 AM - 8:00 PM,8:00 AM - 8:00 PM,Closed on Mondays,https://www.visitokinawa.jp/,2025-04-22,Unknown,2023,,2025-04-22,"Recently opened, no annual data available yet",926,4.7,1367,3.7,394,715,4.4
Okinawa Attraction 54,沖縄の観光地 54,Various Locations,"Address 54, Okinawa",26.54,127.54,9:00 AM - 6:00 PM,9:00 AM - 6:00 PM,9:00 AM - 6:00 PM,9:00 AM - 6:00 PM,9:00 AM - 6:00 PM,8:00 AM - 7:00 PM,8:00 AM - 7:00 PM,Closed for maintenance in February,https://www.visitokinawa.jp/,2025-04-22,Unknown,2023,,2025-04-22,Facility does not track visitor numbers,2891,4.8,119,4.5,595,0,0.0
Okinawa Attraction 55,沖縄の観光地 55,Various Locations,"Address 55, Okinawa",26.55,127.55,10:00 AM - 5:00 PM,10:00 AM - 5:00 PM,10:00 AM - 5:00 PM,10:00 AM - 5:00 PM,10:00 AM - 5:00 PM,9:00 AM - 6:00 PM,9:00 AM - 6:00 PM,Closed on Mondays,https://www.visitokinawa.jp/,2025-04-22,365876,2023,https://www.visitokinawa.jp/,2025-04-22,,303,4.4,382,4.7,1797,0,0.0
Okinawa Attraction 56,沖縄の観光地 56,Various Locations,"Address 56, Okinawa",26.56,127.56,10:00 AM - 7:00 PM,10:00 AM - 7:00 PM,10:00 AM - 7:00 PM,10:00 AM - 7:00 PM,10:00 AM - 7:00 PM,9:00 AM - 8:00 PM,9:00 AM - 8:00 PM,Closed on the first Monday of each month,https://www.visitokinawa.jp/,2025-04-22,449212,2023,https://www.visitokinawa.jp/,2025-04-22,,2073,4.5,2860,4.8,1579,196,4.7
Okinawa Attraction 57,沖縄の観光地 57,Various Locations,"Address 57, Okinawa",26.57,127.57,8:00 AM - 5:00 PM,8:00 AM - 5:00 PM,8:00 AM - 5:00 PM,8:00 AM - 5:00 PM,8:00 AM - 5:00 PM,8:00 AM - 6:00 PM,8:00 AM - 6:00 PM,Closed for maintenance in February,https://www.visitokinawa.jp/,2025-04-22,Unknown,2023,,2025-04-22,No official statistics published,968,3.7,2592,4.3,626,388,3.9
Okinawa Attraction 58,沖縄の観光地 58,Various Locations,"Address 58, Okinawa",26.58,127.58,9:00 AM - 8:00 PM,9:00 AM - 8:00 PM,9:00 AM - 8:00 PM,9:00 AM - 8:00 PM,9:00 AM - 8:00 PM,8:00 AM - 9:00 PM,8:00 AM - 9:00 PM,Closed on the first Monday of each month,https://www.visitokinawa.jp/,2025-04-22,Unknown,2023,,2025-04-22,No official statistics published,3769,3.6,2421,3.7,851,51,4.7
Okinawa Attraction 59,沖縄の観光地 59,Various Locations,"Address 59, Okinawa",26.59,127.59,8:00 AM - 6:00 PM,8:00 AM - 6:00 PM,8:00 AM - 6:00 PM,8:00 AM - 6:00 PM,8:00 AM - 6:00 PM,8:00 AM - 7:00 PM,8:00 AM - 7:00 PM,Closed on Wednesdays,https://www.visitokinawa.jp/,2025-04-22,278496,2023,https://www.visitokinawa.jp/,2025-04-22,,1250,3.8,2765,4.6,1400,380,3.9
Okinawa Attraction 60,沖縄の観光地 60,Various Locations,"Address 60, Okinawa",26.6,127.6,10:00 AM - 5:00 PM,10:00 AM - 5:00 PM,10:00 AM - 5:00 PM,10:00 AM - 5:00 PM,10:00 AM - 5:00 PM,9:00 AM - 6:00 PM,9:00 AM - 6:00 PM,Open year-round,https://www.visitokinawa.jp/,2025-04-22,Unknown,2023,,2025-04-22,No official statistics published,2477,4.6,2258,4.2,1867,691,4.6
Okinawa Attraction 61,沖縄の観光地 61,Various Locations,"Address 61, Okinawa",26.61,127.61,10:00 AM - 7:00 PM,10:00 AM - 7:00 PM,10:00 AM - 7:00 PM,10:00 AM - 7:00 PM,10:00 AM - 7:00 PM,9:00 AM - 8:00 PM,9:00 AM - 8:00 PM,Closed during typhoon season (check official website),https://www.visitokinawa.jp/,2025-04-22,119808,2023,https://www.visitokinawa.jp/,2025-04-22,,4708,4.2,761,4.1,650,416,4.4
Okinawa Attraction 62,沖縄の観光地 62,Various Locations,"Address 62, Okinawa",26.62,127.62,10:00 AM - 5:00 PM,10:00 AM - 5:00 PM,10:00 AM - 5:00 PM,10:00 AM - 5:00 PM,10:00 AM - 5:00 PM,9:00 AM - 6:00 PM,9:00 AM - 6:00 PM,Closed on the first Monday of each month,https://www.visitokinawa.jp/,2025-04-22,315638,2023,https://www.visitokinawa.jp/,2025-04-22,,1209,4.0,2628,4.1,1276,0,0.0
Okinawa Attraction 63,沖縄の観光地 63,Various Locations,"Address 63, Okinawa",26.63,127.63,10:00 AM - 8:00 PM,10:00 AM - 8:00 PM,10:00 AM - 8:00 PM,10:00 AM - 8:00 PM,10:00 AM - 8:00 PM,9:00 AM - 9:00 PM,9:00 AM - 9:00 PM,Closed on public holidays,https://www.visitokinawa.jp/,2025-04-22,422920,2023,https://www.visitokinawa.jp/,2025-04-22,,4434,4.7,1966,3.7,1684,670,3.1
Okinawa Attraction 64,沖縄の観光地 64,Various Locations,"Address 64, Okinawa",26.64,127.64,10:00 AM - 7:00 PM,10:00 AM - 7:00 PM,10:00 AM - 7:00 PM,10:00 AM - 7:00 PM,10:00 AM - 7:00 PM,9:00 AM - 8:00 PM,9:00 AM - 8:00 PM,Closed on Tuesdays,https://www.visitokinawa.jp/,2025-04-22,125600,2023,https://www.visitokinawa.jp/,2025-04-22,,4657,4.1,2154,4.0,46,390,3.8
Okinawa Attraction 65,沖縄の観光地 65,Various Locations,"Address 65, Okinawa",26.65,127.65,8:00 AM - 7:00 PM,8:00 AM - 7:00 PM,8:00 AM - 7:00 PM,8:00 AM - 7:00 PM,8:00 AM - 7:00 PM,8:00 AM - 8:00 PM,8:00 AM - 8:00 PM,Closed on Mondays,https://www.visitokinawa.jp/,2025-04-22,Unknown,2023,,2025-04-22,No official statistics published,750,3.8,2263,4.8,1291,0,0.0
Okinawa Attraction 66,沖縄の観光地 66,Various Locations,"Address 66, Okinawa",26.66,127.66,9:00 AM - 6:00 PM,9:00 AM - 6:00 PM,9:00 AM - 6:00 PM,9:00 AM - 6:00 PM,9:00 AM - 6:00 PM,8:00 AM - 7:00 PM,8:00 AM - 7:00 PM,Closed on the first Monday of each month,https://www.visitokinawa.jp/,2025-04-22,Unknown,2023,,2025-04-22,Information restricted for conservation reasons,776,4.4,1891,4.5,167,295,3.5
Okinawa Attraction 67,沖縄の観光地 67,Various Locations,"Address 67, Okinawa",26.67,127.67,9:00 AM - 6:00 PM,9:00 AM - 6:00 PM,9:00 AM - 6:00 PM,9:00 AM - 6:00 PM,9:00 AM - 6:00 PM,8:00 AM - 7:00 PM,8:00 AM - 7:00 PM,Open year-round,https://www.visitokinawa.jp/,2025-04-22,126635,2023,https://www.visitokinawa.jp/,2025-04-22,,4399,3.6,2009,4.1,803,738,4.4
Okinawa Attraction 68,沖縄の観光地 68,Various Locations,"Address 68, Okinawa",26.68,127.68,10:00 AM - 5:00 PM,10:00 AM - 5:00 PM,10:00 AM - 5:00 PM,10:00 AM - 5:00 PM,10:00 AM - 5:00 PM,9:00 AM - 6:00 PM,9:00 AM - 6:00 PM,Closed for maintenance in February,https://www.visitokinawa.jp/,2025-04-22,466234,2023,https://www.visitokinawa.jp/,2025-04-22,,3409,3.9,1317,4.2,627,408,3.9
Okinawa Attraction 69,沖縄の観光地 69,Various Locations,"Address 69, Okinawa",26.69,127.69,10:00 AM - 8:00 PM,10:00 AM - 8:00 PM,10:00 AM - 8:00 PM,10:00 AM - 8:00 PM,10:00 AM - 8:00 PM,9:00 AM - 9:00 PM,9:00 AM - 9:00 PM,Open year-round,https://www.visitokinawa.jp/,2025-04-22,Unknown,2023,,2025-04-22,Data not publicly available,954,4.5,1844,3.5,572,75,4.7
Okinawa Attraction 70,沖縄の観光地 70,Various Locations,"Address 70, Okinawa",26.7,127.7,10:00 AM - 7:00 PM,10:00 AM - 7:00 PM,10:00 AM - 7:00 PM,10:00 AM - 7:00 PM,10:00 AM - 7:00 PM,9:00 AM - 8:00 PM,9:00 AM - 8:00 PM,Closed during typhoon season (check official website),https://www.visitokinawa.jp/,2025-04-22,Unknown,2023,,2025-04-22,No official statistics published,1482,3.9,211,4.5,1341,225,3.5
Okinawa Attraction 71,沖縄の観光地 71,Various Locations,"Address 71, Okinawa",26.71,127.71,9:00 AM - 6:00 PM,9:00 AM - 6:00 PM,9:00 AM - 6:00 PM,9:00 AM - 6:00 PM,9:00 AM - 6:00 PM,8:00 AM - 7:00 PM,8:00 AM - 7:00 PM,Open year-round,https://www.visitokinawa.jp/,2025-04-22,193827,2023,https://www.visitokinawa.jp/,2025-04-22,,2836,4.6,1871,4.1,1990,0,0.0
Okinawa Attraction 72,沖縄の観光地 72,Various Locations,"Address 72, Okinawa",26.72,127.72,9:00 AM - 5:00 PM,9:00 AM - 5:00 PM,9:00 AM - 5:00 PM,9:00 AM - 5:00 PM,9:00 AM - 5:00 PM,8:00 AM - 6:00 PM,8:00 AM - 6:00 PM,Closed on public holidays,https://www.visitokinawa.jp/,2025-04-22,129972,2023,https://www.visitokinawa.jp/,2025-04-22,,4880,4.7,593,3.7,1692,0,0.0
Okinawa Attraction 73,沖縄の観光地 73,Various Locations,"Address 73, Okinawa",26.73,127.73,8:00 AM - 8:00 PM,8:00 AM - 8:00 PM,8:00 AM - 8:00 PM,8:00 AM - 8:00 PM,8:00 AM - 8:00 PM,8:00 AM - 9:00 PM,8:00 AM - 9:00 PM,Closed on public holidays,https://www.visitokinawa.jp/,2025-04-22,Unknown,2023,,2025-04-22,Data not publicly available,2140,4.0,281,4.6,424,47,3.6
Okinawa Attraction 74,沖縄の観光地 74,Various Locations,"Address 74, Okinawa",26.74,127.74,10:00 AM - 8:00 PM,10:00 AM - 8:00 PM,10:00 AM - 8:00 PM,10:00 AM - 8:00 PM,10:00 AM - 8:00 PM,9:00 AM - 9:00 PM,9:00 AM - 9:00 PM,Closed on public holidays,https://www.visitokinawa.jp/,2025-04-22,Unknown,2023,,2025-04-22,No official statistics published,675,4.2,2046,4.7,750,498,3.2
Okinawa Attraction 75,沖縄の観光地 75,Various Locations,"Address 75, Okinawa",26.75,127.75,8:00 AM - 6:00 PM,8:00 AM - 6:00 PM,8:00 AM - 6:00 PM,8:00 AM - 6:00 PM,8:00 AM - 6:00 PM,8:00 AM - 7:00 PM,8:00 AM - 7:00 PM,Closed on the first Monday of each month,https://www.visitokinawa.jp/,2025-04-22,Unknown,2023,,2025-04-22,Data not publicly available,1389,3.6,1439,4.3,1461,0,0.0
Okinawa Attraction 76,沖縄の観光地 76,Various Locations,"Address 76, Okinawa",26.76,127.76,10:00 AM - 7:00 PM,10:00 AM - 7:00 PM,10:00 AM - 7:00 PM,10:00 AM - 7:00 PM,10:00 AM - 7:00 PM,9:00 AM - 8:00 PM,9:00 AM - 8:00 PM,Closed on the first Monday of each month,https://www.visitokinawa.jp/,2025-04-22,131020,2023,https://www.visitokinawa.jp/,2025-04-22,,4010,3.6,1794,3.7,767,237,3.1
Okinawa Attraction 77,沖縄の観光地 77,Various Locations,"Address 77, Okinawa",26.77,127.77,9:00 AM - 8:00 PM,9:00 AM - 8:00 PM,9:00 AM - 8:00 PM,9:00 AM - 8:00 PM,9:00 AM - 8:00 PM,8:00 AM - 9:00 PM,8:00 AM - 9:00 PM,Closed on the first Monday of each month,https://www.visitokinawa.jp/,2025-04-22,448891,2023,https://www.visitokinawa.jp/,2025-04-22,,172,4.1,1387,4.5,916,246,4.4
Okinawa Attraction 78,沖縄の観光地 78,Various Locations,"Address 78, Okinawa",26.78,127.78,10:00 AM - 5:00 PM,10:00 AM - 5:00 PM,10:00 AM - 5:00 PM,10:00 AM - 5:00 PM,10:00 AM - 5:00 PM,9:00 AM - 6:00 PM,9:00 AM - 6:00 PM,Open year-round,https://www.visitokinawa.jp/,2025-04-22,Unknown,2023,,2025-04-22,No official statistics published,1629,4.7,648,4.1,1823,611,3.9
Okinawa Attraction 79,沖縄の観光地 79,Various Locations,"Address 79, Okinawa",26.79,127.79,9:00 AM - 5:00 PM,9:00 AM - 5:00 PM,9:00 AM - 5:00 PM,9:00 AM - 5:00 PM,9:00 AM - 5:00 PM,8:00 AM - 6:00 PM,8:00 AM - 6:00 PM,Closed on Mondays,https://www.visitokinawa.jp/,2025-04-22,171857,2023,https://www.visitokinawa.jp/,2025-04-22,,2375,3.6,2994,3.5,467,167,3.8
Okinawa Attraction 80,沖縄の観光地 80,Various Locations,"Address 80, Okinawa",26.8,127.8,9:00 AM - 8:00 PM,9:00 AM - 8:00 PM,9:00 AM - 8:00 PM,9:00 AM - 8:00 PM,9:00 AM - 8:00 PM,8:00 AM - 9:00 PM,8:00 AM - 9:00 PM,Closed during typhoon season (check official website),https://www.visitokinawa.jp/,2025-04-22,447744,2023,https://www.visitokinawa.jp/,2025-04-22,,1731,4.1,891,4.7,1634,32,4.7
Okinawa Attraction 81,沖縄の観光地 81,Various Locations,"Address 81, Okinawa",26.81,127.81,8:00 AM - 5:00 PM,8:00 AM - 5:00 PM,8:00 AM - 5:00 PM,8:00 AM - 5:00 PM,8:00 AM - 5:00 PM,8:00 AM - 6:00 PM,8:00 AM - 6:00 PM,Closed during typhoon season (check official website),https://www.visitokinawa.jp/,2025-04-22,Unknown,2023,,2025-04-22,Information restricted for conservation reasons,1774,4.4,2228,4.5,880,564,3.1
Okinawa Attraction 82,沖縄の観光地 82,Various Locations,"Address 82, Okinawa",26.82,127.82,9:00 AM - 8:00 PM,9:00 AM - 8:00 PM,9:00 AM - 8:00 PM,9:00 AM - 8:00 PM,9:00 AM - 8:00 PM,8:00 AM - 9:00 PM,8:00 AM - 9:00 PM,Closed on the first Monday of each month,https://www.visitokinawa.jp/,2025-04-22,Unknown,2023,,2025-04-22,Information restricted for conservation reasons,2325,4.1,2680,3.6,1748,137,4.4
Okinawa Attraction 83,沖縄の観光地 83,Various Locations,"Address 83, Okinawa",26.83,127.83,8:00 AM - 8:00 PM,8:00 AM - 8:00 PM,8:00 AM - 8:00 PM,8:00 AM - 8:00 PM,8:00 AM - 8:00 PM,8:00 AM - 9:00 PM,8:00 AM - 9:00 PM,Closed on the first Monday of each month,https://www.visitokinawa.jp/,2025-04-22,390089,2023,https://www.visitokinawa.jp/,2025-04-22,,4403,4.7,1270,3.9,1711,759,3.3
Okinawa Attraction 84,沖縄の観光地 84,Various Locations,"Address 84, Okinawa",26.84,127.84,10:00 AM - 5:00 PM,10:00 AM - 5:00 PM,10:00 AM - 5:00 PM,10:00 AM - 5:00 PM,10:00 AM - 5:00 PM,9:00 AM - 6:00 PM,9:00 AM - 6:00 PM,Closed for maintenance in February,https://www.visitokinawa.jp/,2025-04-22,130114,2023,https://www.visitokinawa.jp/,2025-04-22,,4598,4.0,602,4.7,151,0,0.0
Okinawa Attraction 85,沖縄の観光地 85,Various Locations,"Address 85, Okinawa",26.85,127.85,10:00 AM - 6:00 PM,10:00 AM - 6:00 PM,10:00 AM - 6:00 PM,10:00 AM - 6:00 PM,10:00 AM - 6:00 PM,9:00 AM - 7:00 PM,9:00 AM - 7:00 PM,Open year-round,https://www.visitokinawa.jp/,2025-04-22,396329,2023,https://www.visitokinawa.jp/,2025-04-22,,2377,4.4,2118,4.1,1846,0,0.0
Okinawa Attraction 86,沖縄の観光地 86,Various Locations,"Address 86, Okinawa",26.86,127.86,9:00 AM - 8:00 PM,9:00 AM - 8:00 PM,9:00 AM - 8:00 PM,9:00 AM - 8:00 PM,9:00 AM - 8:00 PM,8:00 AM - 9:00 PM,8:00 AM - 9:00 PM,Closed for maintenance in February,https://www.visitokinawa.jp/,2025-04-22,345403,2023,https://www.visitokinawa.jp/,2025-04-22,,1476,4.5,445,4.4,1463,722,3.3
Okinawa Attraction 87,沖縄の観光地 87,Various Locations,"Address 87, Okinawa",26.87,127.87,8:00 AM - 6:00 PM,8:00 AM - 6:00 PM,8:00 AM - 6:00 PM,8:00 AM - 6:00 PM,8:00 AM - 6:00 PM,8:00 AM - 7:00 PM,8:00 AM - 7:00 PM,Closed during typhoon season (check official website),https://www.visitokinawa.jp/,2025-04-22,Unknown,2023,,2025-04-22,No official statistics published,1826,3.7,1705,4.7,852,387,3.7
Okinawa Attraction 88,沖縄の観光地 88,Various Locations,"Address 88, Okinawa",26.88,127.88,10:00 AM - 8:00 PM,10:00 AM - 8:00 PM,10:00 AM - 8:00 PM,10:00 AM - 8:00 PM,10:00 AM - 8:00 PM,9:00 AM - 9:00 PM,9:00 AM - 9:00 PM,Closed on Tuesdays,https://www.visitokinawa.jp/,2025-04-22,463555,2023,https://www.visitokinawa.jp/,2025-04-22,,3290,4.8,1809,3.5,1886,750,3.6
Okinawa Attraction 89,沖縄の観光地 89,Various Locations,"Address 89, Okinawa",26.89,127.89,9:00 AM - 8:00 PM,9:00 AM - 8:00 PM,9:00 AM - 8:00 PM,9:00 AM - 8:00 PM,9:00 AM - 8:00 PM,8:00 AM - 9:00 PM,8:00 AM - 9:00 PM,Open year-round,https://www.visitokinawa.jp/,2025-04-22,Unknown,2023,,2025-04-22,Information restricted for conservation reasons,4855,4.6,1607,4.0,349,300,3.3
Okinawa Attraction 90,沖縄の観光地 90,Various Locations,"Address 90, Okinawa",26.9,127.9,8:00 AM - 8:00 PM,8:00 AM - 8:00 PM,8:00 AM - 8:00 PM,8:00 AM - 8:00 PM,8:00 AM - 8:00 PM,8:00 AM - 9:00 PM,8:00 AM - 9:00 PM,Closed during typhoon season (check official website),https://www.visitokinawa.jp/,2025-04-22,Unknown,2023,,2025-04-22,"Recently opened, no annual data available yet",3128,4.7,532,4.6,15,0,0.0
Okinawa Attraction 91,沖縄の観光地 91,Various Locations,"Address 91, Okinawa",26.91,127.91,9:00 AM - 5:00 PM,9:00 AM - 5:00 PM,9:00 AM - 5:00 PM,9:00 AM - 5:00 PM,9:00 AM - 5:00 PM,8:00 AM - 6:00 PM,8:00 AM - 6:00 PM,Closed for maintenance in February,https://www.visitokinawa.jp/,2025-04-22,78202,2023,https://www.visitokinawa.jp/,2025-04-22,,2806,4.7,2241,4.2,535,73,3.3
Okinawa Attraction 92,沖縄の観光地 92,Various Locations,"Address 92, Okinawa",26.92,127.92,10:00 AM - 7:00 PM,10:00 AM - 7:00 PM,10:00 AM - 7:00 PM,10:00 AM - 7:00 PM,10:00 AM - 7:00 PM,9:00 AM - 8:00 PM,9:00 AM - 8:00 PM,Closed for maintenance in February,https://www.visitokinawa.jp/,2025-04-22,Unknown,2023,,2025-04-22,Facility does not track visitor numbers,1270,4.2,245,3.7,686,563,3.8
Okinawa Attraction 93,沖縄の観光地 93,Various Locations,"Address 93, Okinawa",26.93,127.93,8:00 AM - 7:00 PM,8:00 AM - 7:00 PM,8:00 AM - 7:00 PM,8:00 AM - 7:00 PM,8:00 AM - 7:00 PM,8:00 AM - 8:00 PM,8:00 AM - 8:00 PM,Closed for maintenance in February,https://www.visitokinawa.jp/,2025-04-22,418016,2023,https://www.visitokinawa.jp/,2025-04-22,,2474,3.8,521,4.4,1019,754,3.8
Okinawa Attraction 94,沖縄の観光地 94,Various Locations,"Address 94, Okinawa",26.94,127.94,9:00 AM - 7:00 PM,9:00 AM - 7:00 PM,9:00 AM - 7:00 PM,9:00 AM - 7:00 PM,9:00 AM - 7:00 PM,8:00 AM - 8:00 PM,8:00 AM - 8:00 PM,Closed on Mondays,https://www.visitokinawa.jp/,2025-04-22,Unknown,2023,,2025-04-22,No official statistics published,3439,4.6,2352,4.6,1162,234,4.6
Okinawa Attraction 95,沖縄の観光地 95,Various Locations,"Address 95, Okinawa",26.95,127.95,10:00 AM - 6:00 PM,10:00 AM - 6:00 PM,10:00 AM - 6:00 PM,10:00 AM - 6:00 PM,10:00 AM - 6:00 PM,9:00 AM - 7:00 PM,9:00 AM - 7:00 PM,Closed on public holidays,https://www.visitokinawa.jp/,2025-04-22,266025,2023,https://www.visitokinawa.jp/,2025-04-22,,645,4.1,2154,4.5,884,560,3.2
Okinawa Attraction 96,沖縄の観光地 96,Various Locations,"Address 96, Okinawa",26.96,127.96,9:00 AM - 7:00 PM,9:00 AM - 7:00 PM,9:00 AM - 7:00 PM,9:00 AM - 7:00 PM,9:00 AM - 7:00 PM,8:00 AM - 8:00 PM,8:00 AM - 8:00 PM,Closed on Mondays,https://www.visitokinawa.jp/,2025-04-22,196879,2023,https://www.visitokinawa.jp/,2025-04-22,,375,3.6,1898,4.5,1987,10,4.7
Okinawa Attraction 97,沖縄の観光地 97,Various Locations,"Address 97, Okinawa",26.97,127.97,8:00 AM - 7:00 PM,8:00 AM - 7:00 PM,8:00 AM - 7:00 PM,8:00 AM - 7:00 PM,8:00 AM - 7:00 PM,8:00 AM - 8:00 PM,8:00 AM - 8:00 PM,Closed during typhoon season (check official website),https://www.visitokinawa.jp/,2025-04-22,457430,2023,https://www.visitokinawa.jp/,2025-04-22,,2930,4.7,615,3.5,186,130,4.4
Okinawa Attraction 98,沖縄の観光地 98,Various Locations,"Address 98, Okinawa",26.98,127.98,10:00 AM - 7:00 PM,10:00 AM - 7:00 PM,10:00 AM - 7:00 PM,10:00 AM - 7:00 PM,10:00 AM - 7:00 PM,9:00 AM - 8:00 PM,9:00 AM - 8:00 PM,Open year-round,https://www.visitokinawa.jp/,2025-04-22,Unknown,2023,,2025-04-22,Facility does not track visitor numbers,1454,4.1,518,3.9,1569,0,0.0
Okinawa Attraction 99,沖縄の観光地 99,Various Locations,"Address 99, Okinawa",26.99,127.99,10:00 AM - 8:00 PM,10:00 AM - 8:00 PM,10:00 AM - 8:00 PM,10:00 AM - 8:00 PM,10:00 AM - 8:00 PM,9:00 AM - 9:00 PM,9:00 AM - 9:00 PM,Closed during typhoon season (check official website),https://www.visitokinawa.jp/,2025-04-22,253007,2023,https://www.visitokinawa.jp/,2025-04-22,,4535,3.9,2935,4.5,294,147,3.8
Okinawa Attraction 100,沖縄の観光地 100,Various Locations,"Address 100, Okinawa",27.0,128.0,8:00 AM - 5:00 PM,8:00 AM - 5:00 PM,8:00 AM - 5:00 PM,8:00 AM - 5:00 PM,8:00 AM - 5:00 PM,8:00 AM - 6:00 PM,8:00 AM - 6:00 PM,Closed on public holidays,https://www.visitokinawa.jp/,2025-04-22,331215,2023,https://www.visitokinawa.jp/,2025-04-22,,2905,4.2,172,4.5,1967,0,0.0
Okinawa Attraction 101,沖縄の観光地 101,Various Locations,"Address 101, Okinawa",27.01,128.01,10:00 AM - 5:00 PM,10:00 AM - 5:00 PM,10:00 AM - 5:00 PM,10:00 AM - 5:00 PM,10:00 AM - 5:00 PM,9:00 AM - 6:00 PM,9:00 AM - 6:00 PM,Closed on the first Monday of each month,https://www.visitokinawa.jp/,2025-04-22,Unknown,2023,,2025-04-22,Facility does not track visitor numbers,3280,3.8,1885,4.6,1506,0,0.0
Okinawa Attraction 102,沖縄の観光地 102,Various Locations,"Address 102, Okinawa",27.02,128.02,9:00 AM - 7:00 PM,9:00 AM - 7:00 PM,9:00 AM - 7:00 PM,9:00 AM - 7:00 PM,9:00 AM - 7:00 PM,8:00 AM - 8:00 PM,8:00 AM - 8:00 PM,Open year-round,https://www.visitokinawa.jp/,2025-04-22,477631,2023,https://www.visitokinawa.jp/,2025-04-22,,480,4.4,147,4.7,330,766,4.0
Okinawa Attraction 103,沖縄の観光地 103,Various Locations,"Address 103, Okinawa",27.03,128.03,8:00 AM - 8:00 PM,8:00 AM - 8:00 PM,8:00 AM - 8:00 PM,8:00 AM - 8:00 PM,8:00 AM - 8:00 PM,8:00 AM - 9:00 PM,8:00 AM - 9:00 PM,Closed on the first Monday of each month,https://www.visitokinawa.jp/,2025-04-22,157509,2023,https://www.visitokinawa.jp/,2025-04-22,,3424,3.7,1494,4.0,604,0,0.0
Okinawa Attraction 104,沖縄の観光地 104,Various Locations,"Address 104, Okinawa",27.04,128.04,8:00 AM - 8:00 PM,8:00 AM - 8:00 PM,8:00 AM - 8:00 PM,8:00 AM - 8:00 PM,8:00 AM - 8:00 PM,8:00 AM - 9:00 PM,8:00 AM - 9:00 PM,Closed on the first Monday of each month,https://www.visitokinawa.jp/,2025-04-22,Unknown,2023,,2025-04-22,"Recently opened, no annual data available yet",3287,3.9,1408,4.0,1926,367,3.6
Okinawa Attraction 105,沖縄の観光地 105,Various Locations,"Address 105, Okinawa",27.05,128.05,8:00 AM - 5:00 PM,8:00 AM - 5:00 PM,8:00 AM - 5:00 PM,8:00 AM - 5:00 PM,8:00 AM - 5:00 PM,8:00 AM - 6:00 PM,8:00 AM - 6:00 PM,Closed on public holidays,https://www.visitokinawa.jp/,2025-04-22,404107,2023,https://www.visitokinawa.jp/,2025-04-22,,2618,3.8,917,4.1,407,0,0.0
Okinawa Attraction 106,沖縄の観光地 106,Various Locations,"Address 106, Okinawa",27.06,128.06,9:00 AM - 6:00 PM,9:00 AM - 6:00 PM,9:00 AM - 6:00 PM,9:00 AM - 6:00 PM,9:00 AM - 6:00 PM,8:00 AM - 7:00 PM,8:00 AM - 7:00 PM,Closed during typhoon season (check official website),https://www.visitokinawa.jp/,2025-04-22,Unknown,2023,,2025-04-22,Information restricted for conservation reasons,1033,3.6,2605,4.1,1971,0,0.0
Okinawa Attraction 107,沖縄の観光地 107,Various Locations,"Address 107, Okinawa",27.07,128.07,8:00 AM - 5:00 PM,8:00 AM - 5:00 PM,8:00 AM - 5:00 PM,8:00 AM - 5:00 PM,8:00 AM - 5:00 PM,8:00 AM - 6:00 PM,8:00 AM - 6:00 PM,Closed for maintenance in February,https://www.visitokinawa.jp/,2025-04-22,122577,2023,https://www.visitokinawa.jp/,2025-04-22,,187,3.7,2511,3.6,1387,503,3.7
Okinawa Attraction 108,沖縄の観光地 108,Various Locations,"Address 108, Okinawa",27.08,128.08,8:00 AM - 6:00 PM,8:00 AM - 6:00 PM,8:00 AM - 6:00 PM,8:00 AM - 6:00 PM,8:00 AM - 6:00 PM,8:00 AM - 7:00 PM,8:00 AM - 7:00 PM,Closed for maintenance in February,https://www.visitokinawa.jp/,2025-04-22,387608,2023,https://www.visitokinawa.jp/,2025-04-22,,3636,4.2,351,3.8,504,0,0.0
Okinawa Attraction 109,沖縄の観光地 109,Various Locations,"Address 109, Okinawa",27.09,128.09,9:00 AM - 7:00 PM,9:00 AM - 7:00 PM,9:00 AM - 7:00 PM,9:00 AM - 7:00 PM,9:00 AM - 7:00 PM,8:00 AM - 8:00 PM,8:00 AM - 8:00 PM,Open year-round,https://www.visitokinawa.jp/,2025-04-22,451346,2023,https://www.visitokinawa.jp/,2025-04-22,,3346,3.5,2718,4.4,1497,124,3.7
Okinawa Attraction 110,沖縄の観光地 110,Various Locations,"Address 110, Okinawa",27.1,128.1,9:00 AM - 5:00 PM,9:00 AM - 5:00 PM,9:00 AM - 5:00 PM,9:00 AM - 5:00 PM,9:00 AM - 5:00 PM,8:00 AM - 6:00 PM,8:00 AM - 6:00 PM,Closed on Thursdays,https://www.visitokinawa.jp/,2025-04-22,174397,2023,https://www.visitokinawa.jp/,2025-04-22,,4402,3.6,2343,3.6,1797,632,4.3
Okinawa Attraction 111,沖縄の観光地 111,Various Locations,"Address 111, Okinawa",27.11,128.11,10:00 AM - 7:00 PM,10:00 AM - 7:00 PM,10:00 AM - 7:00 PM,10:00 AM - 7:00 PM,10:00 AM - 7:00 PM,9:00 AM - 8:00 PM,9:00 AM - 8:00 PM,Closed during typhoon season (check official website),https://www.visitokinawa.jp/,2025-04-22,Unknown,2023,,2025-04-22,Data not publicly available,257,4.4,210,3.6,516,226,3.3
Okinawa Attraction 112,沖縄の観光地 112,Various Locations,"Address 112, Okinawa",27.12,128.12,8:00 AM - 7:00 PM,8:00 AM - 7:00 PM,8:00 AM - 7:00 PM,8:00 AM - 7:00 PM,8:00 AM - 7:00 PM,8:00 AM - 8:00 PM,8:00 AM - 8:00 PM,Closed on the first Monday of each month,https://www.visitokinawa.jp/,2025-04-22,309406,2023,https://www.visitokinawa.jp/,2025-04-22,,3942,4.1,848,4.7,140,0,0.0
Okinawa Attraction 113,沖縄の観光地 113,Various Locations,"Address 113, Okinawa",27.13,128.13,9:00 AM - 8:00 PM,9:00 AM - 8:00 PM,9:00 AM - 8:00 PM,9:00 AM - 8:00 PM,9:00 AM - 8:00 PM,8:00 AM - 9:00 PM,8:00 AM - 9:00 PM,Closed on Tuesdays,https://www.visitokinawa.jp/,2025-04-22,Unknown,2023,,2025-04-22,Data not publicly available,4310,4.8,711,3.6,380,267,3.6
Okinawa Attraction 114,沖縄の観光地 114,Various Locations,"Address 114, Okinawa",27.14,128.14,9:00 AM - 5:00 PM,9:00 AM - 5:00 PM,9:00 AM - 5:00 PM,9:00 AM - 5:00 PM,9:00 AM - 5:00 PM,8:00 AM - 6:00 PM,8:00 AM - 6:00 PM,Closed on Thursdays,https://www.visitokinawa.jp/,2025-04-22,124016,2023,https://www.visitokinawa.jp/,2025-04-22,,3096,3.9,2716,3.7,678,734,4.3
